<annotation><filename>2323.jpg</filename><folder>users/StephanoHerrera23//prueba1</folder><source><submittedBy>Stephano</submittedBy></source><imagesize><nrows>4000</nrows><ncols>3000</ncols></imagesize><object><name>m1_s01_005_x</name><deleted>0</deleted><verified>0</verified><occluded>no</occluded><attributes></attributes><parts><hasparts></hasparts><ispartof></ispartof></parts><date>15-08-20 18:55:41:687</date><id>0</id><type>bounding_box</type><polygon><username>anonymous</username><pt><x>819</x><y>1309</y><time>15-08-20 18:55:25:059</time></pt><pt><x>1863</x><y>1309</y><time>15-08-20 18:55:29:100</time></pt><pt><x>1863</x><y>2736</y><time>undefined</time></pt><pt><x>819</x><y>2736</y><time>undefined</time></pt><closed_date>15-08-20 18:55:29:100</closed_date></polygon></object></annotation>