<annotation><filename>img_20200806_110813.jpg</filename><folder>users/StephanoHerrera23//prueba1</folder><source><submittedBy>Stephano</submittedBy></source><imagesize><nrows>4000</nrows><ncols>3000</ncols></imagesize><object><name>m1_s01_015_x</name><deleted>1</deleted><verified>0</verified><occluded>no</occluded><attributes></attributes><parts><hasparts></hasparts><ispartof></ispartof></parts><date>14-08-20 19:02:57:134</date><id>0</id><polygon><username>anonymous</username><pt><x>1038</x><y>1376</y><time>14-08-20 19:02:06:629</time></pt><pt><x>1095</x><y>1590</y><time>14-08-20 19:02:07:754</time></pt><pt><x>1081</x><y>1633</y><time>14-08-20 19:02:08:899</time></pt><pt><x>1033</x><y>1686</y><time>14-08-20 19:02:09:653</time></pt><pt><x>957</x><y>1786</y><time>14-08-20 19:02:10:155</time></pt><pt><x>905</x><y>1833</y><time>14-08-20 19:02:10:524</time></pt><pt><x>867</x><y>1933</y><time>14-08-20 19:02:10:889</time></pt><pt><x>814</x><y>2067</y><time>14-08-20 19:02:11:449</time></pt><pt><x>805</x><y>2186</y><time>14-08-20 19:02:12:024</time></pt><pt><x>810</x><y>2305</y><time>14-08-20 19:02:12:570</time></pt><pt><x>876</x><y>2400</y><time>14-08-20 19:02:13:008</time></pt><pt><x>967</x><y>2538</y><time>14-08-20 19:02:13:697</time></pt><pt><x>1148</x><y>2643</y><time>14-08-20 19:02:15:376</time></pt><pt><x>1414</x><y>2662</y><time>14-08-20 19:02:16:285</time></pt><pt><x>1614</x><y>2624</y><time>14-08-20 19:02:17:196</time></pt><pt><x>1776</x><y>2476</y><time>14-08-20 19:02:18:094</time></pt><pt><x>1924</x><y>2290</y><time>14-08-20 19:02:19:047</time></pt><pt><x>1905</x><y>2038</y><time>14-08-20 19:02:19:934</time></pt><pt><x>1824</x><y>1848</y><time>14-08-20 19:02:20:854</time></pt><pt><x>1776</x><y>1748</y><time>14-08-20 19:02:21:779</time></pt><pt><x>1833</x><y>1543</y><time>14-08-20 19:02:22:744</time></pt><pt><x>1752</x><y>1381</y><time>14-08-20 19:02:23:924</time></pt><pt><x>1529</x><y>1324</y><time>14-08-20 19:02:24:886</time></pt><pt><x>1357</x><y>1314</y><time>14-08-20 19:02:25:694</time></pt><closed_date>14-08-20 19:02:27:080</closed_date></polygon></object><object><name>m1_s01_015_x</name><deleted>0</deleted><verified>0</verified><occluded>no</occluded><attributes></attributes><parts><hasparts></hasparts><ispartof></ispartof></parts><date>14-08-20 19:04:06:760</date><id>1</id><type>bounding_box</type><polygon><username>anonymous</username><pt><x>767</x><y>1319</y><time>14-08-20 19:03:59:873</time></pt><pt><x>1938</x><y>1319</y><time>14-08-20 19:04:03:584</time></pt><pt><x>1938</x><y>2648</y><time>undefined</time></pt><pt><x>767</x><y>2648</y><time>undefined</time></pt><closed_date>14-08-20 19:04:03:585</closed_date></polygon></object></annotation>